{
  "model_name": "cnn",
  "model_path": "models/cnn_final.pth",
  "accuracy": 0.22123015873015872,
  "precision_macro": 0.236561886702087,
  "recall_macro": 0.3111595732242947,
  "f1_macro": 0.22894462255050144,
  "per_class_report": {
    "Agaricus": {
      "precision": 0.13425925925925927,
      "recall": 0.5471698113207547,
      "f1-score": 0.21561338289962825,
      "support": 53.0
    },
    "Amanita": {
      "precision": 0.2,
      "recall": 0.11504424778761062,
      "f1-score": 0.14606741573033707,
      "support": 113.0
    },
    "Boletus": {
      "precision": 0.36551724137931035,
      "recall": 0.32919254658385094,
      "f1-score": 0.3464052287581699,
      "support": 161.0
    },
    "Cortinarius": {
      "precision": 0.125,
      "recall": 0.056,
      "f1-score": 0.07734806629834254,
      "support": 125.0
    },
    "Entoloma": {
      "precision": 0.125,
      "recall": 0.3090909090909091,
      "f1-score": 0.17801047120418848,
      "support": 55.0
    },
    "Hygrocybe": {
      "precision": 0.42105263157894735,
      "recall": 0.6808510638297872,
      "f1-score": 0.5203252032520326,
      "support": 47.0
    },
    "Lactarius": {
      "precision": 0.3333333333333333,
      "recall": 0.1148936170212766,
      "f1-score": 0.17088607594936708,
      "support": 235.0
    },
    "Russula": {
      "precision": 0.26666666666666666,
      "recall": 0.11627906976744186,
      "f1-score": 0.16194331983805668,
      "support": 172.0
    },
    "Suillus": {
      "precision": 0.15822784810126583,
      "recall": 0.5319148936170213,
      "f1-score": 0.24390243902439024,
      "support": 47.0
    },
    "accuracy": 0.22123015873015872,
    "macro avg": {
      "precision": 0.236561886702087,
      "recall": 0.3111595732242947,
      "f1-score": 0.22894462255050144,
      "support": 1008.0
    },
    "weighted avg": {
      "precision": 0.2604069435989878,
      "recall": 0.22123015873015872,
      "f1-score": 0.2054510231667022,
      "support": 1008.0
    }
  },
  "confusion_matrix": [
    [
      29,
      7,
      0,
      4,
      6,
      0,
      2,
      4,
      1
    ],
    [
      45,
      13,
      14,
      2,
      18,
      3,
      5,
      5,
      8
    ],
    [
      11,
      9,
      53,
      12,
      25,
      6,
      9,
      20,
      16
    ],
    [
      18,
      4,
      19,
      7,
      20,
      10,
      17,
      6,
      24
    ],
    [
      14,
      5,
      11,
      4,
      17,
      2,
      1,
      0,
      1
    ],
    [
      2,
      0,
      3,
      1,
      4,
      32,
      0,
      1,
      4
    ],
    [
      53,
      13,
      24,
      15,
      21,
      7,
      27,
      17,
      58
    ],
    [
      42,
      14,
      15,
      9,
      21,
      15,
      15,
      20,
      21
    ],
    [
      2,
      0,
      6,
      2,
      4,
      1,
      5,
      2,
      25
    ]
  ]
}