{
  "model_name": "efficientnet_b2",
  "model_path": "models/efficientnet_b2_final.pth",
  "accuracy": 0.8650793650793651,
  "precision_macro": 0.8334450536963823,
  "recall_macro": 0.8712123502747887,
  "f1_macro": 0.8482029111886935,
  "per_class_report": {
    "Agaricus": {
      "precision": 0.8070175438596491,
      "recall": 0.8679245283018868,
      "f1-score": 0.8363636363636363,
      "support": 53.0
    },
    "Amanita": {
      "precision": 0.9181818181818182,
      "recall": 0.8938053097345132,
      "f1-score": 0.905829596412556,
      "support": 113.0
    },
    "Boletus": {
      "precision": 0.9259259259259259,
      "recall": 0.9316770186335404,
      "f1-score": 0.9287925696594427,
      "support": 161.0
    },
    "Cortinarius": {
      "precision": 0.8584905660377359,
      "recall": 0.728,
      "f1-score": 0.7878787878787878,
      "support": 125.0
    },
    "Entoloma": {
      "precision": 0.7846153846153846,
      "recall": 0.9272727272727272,
      "f1-score": 0.85,
      "support": 55.0
    },
    "Hygrocybe": {
      "precision": 0.7777777777777778,
      "recall": 0.8936170212765957,
      "f1-score": 0.8316831683168316,
      "support": 47.0
    },
    "Lactarius": {
      "precision": 0.9041095890410958,
      "recall": 0.8425531914893617,
      "f1-score": 0.8722466960352423,
      "support": 235.0
    },
    "Russula": {
      "precision": 0.8941176470588236,
      "recall": 0.8837209302325582,
      "f1-score": 0.8888888888888888,
      "support": 172.0
    },
    "Suillus": {
      "precision": 0.6307692307692307,
      "recall": 0.8723404255319149,
      "f1-score": 0.7321428571428571,
      "support": 47.0
    },
    "accuracy": 0.8650793650793651,
    "macro avg": {
      "precision": 0.8334450536963823,
      "recall": 0.8712123502747887,
      "f1-score": 0.8482029111886935,
      "support": 1008.0
    },
    "weighted avg": {
      "precision": 0.871549022204592,
      "recall": 0.8650793650793651,
      "f1-score": 0.8658959870790542,
      "support": 1008.0
    }
  },
  "confusion_matrix": [
    [
      46,
      3,
      1,
      0,
      0,
      0,
      2,
      1,
      0
    ],
    [
      3,
      101,
      1,
      1,
      2,
      0,
      2,
      3,
      0
    ],
    [
      1,
      0,
      150,
      1,
      1,
      1,
      2,
      0,
      5
    ],
    [
      0,
      1,
      3,
      91,
      5,
      6,
      6,
      3,
      10
    ],
    [
      0,
      0,
      0,
      0,
      51,
      3,
      0,
      1,
      0
    ],
    [
      0,
      1,
      1,
      0,
      0,
      42,
      0,
      2,
      1
    ],
    [
      3,
      2,
      3,
      8,
      5,
      1,
      198,
      8,
      7
    ],
    [
      4,
      2,
      0,
      3,
      1,
      1,
      8,
      152,
      1
    ],
    [
      0,
      0,
      3,
      2,
      0,
      0,
      1,
      0,
      41
    ]
  ]
}