{
  "model_name": "mobilenetv2",
  "model_path": "models/mobilenetv2_final.pth",
  "accuracy": 0.8442460317460317,
  "precision_macro": 0.8132892257058503,
  "recall_macro": 0.8629227780310916,
  "f1_macro": 0.8303056958818442,
  "per_class_report": {
    "Agaricus": {
      "precision": 0.64,
      "recall": 0.9056603773584906,
      "f1-score": 0.75,
      "support": 53.0
    },
    "Amanita": {
      "precision": 0.8333333333333334,
      "recall": 0.8849557522123894,
      "f1-score": 0.8583690987124464,
      "support": 113.0
    },
    "Boletus": {
      "precision": 0.9473684210526315,
      "recall": 0.8944099378881988,
      "f1-score": 0.9201277955271565,
      "support": 161.0
    },
    "Cortinarius": {
      "precision": 0.8468468468468469,
      "recall": 0.752,
      "f1-score": 0.7966101694915254,
      "support": 125.0
    },
    "Entoloma": {
      "precision": 0.746268656716418,
      "recall": 0.9090909090909091,
      "f1-score": 0.819672131147541,
      "support": 55.0
    },
    "Hygrocybe": {
      "precision": 0.9148936170212766,
      "recall": 0.9148936170212766,
      "f1-score": 0.9148936170212766,
      "support": 47.0
    },
    "Lactarius": {
      "precision": 0.9077669902912622,
      "recall": 0.7957446808510639,
      "f1-score": 0.8480725623582767,
      "support": 235.0
    },
    "Russula": {
      "precision": 0.9056603773584906,
      "recall": 0.8372093023255814,
      "f1-score": 0.8700906344410876,
      "support": 172.0
    },
    "Suillus": {
      "precision": 0.5774647887323944,
      "recall": 0.8723404255319149,
      "f1-score": 0.6949152542372882,
      "support": 47.0
    },
    "accuracy": 0.8442460317460317,
    "macro avg": {
      "precision": 0.8132892257058503,
      "recall": 0.8629227780310916,
      "f1-score": 0.8303056958818442,
      "support": 1008.0
    },
    "weighted avg": {
      "precision": 0.8598742927836595,
      "recall": 0.8442460317460317,
      "f1-score": 0.8473791466876476,
      "support": 1008.0
    }
  },
  "confusion_matrix": [
    [
      48,
      4,
      0,
      0,
      0,
      0,
      0,
      0,
      1
    ],
    [
      8,
      100,
      1,
      3,
      0,
      0,
      0,
      0,
      1
    ],
    [
      2,
      4,
      144,
      2,
      0,
      0,
      1,
      0,
      8
    ],
    [
      4,
      5,
      4,
      94,
      5,
      0,
      5,
      0,
      8
    ],
    [
      0,
      1,
      0,
      1,
      50,
      1,
      2,
      0,
      0
    ],
    [
      1,
      0,
      0,
      0,
      0,
      43,
      0,
      3,
      0
    ],
    [
      4,
      4,
      1,
      9,
      9,
      3,
      187,
      12,
      6
    ],
    [
      8,
      2,
      0,
      2,
      2,
      0,
      8,
      144,
      6
    ],
    [
      0,
      0,
      2,
      0,
      1,
      0,
      3,
      0,
      41
    ]
  ]
}